{
  "project_info": {
    "project_number": "975174370578",
    "project_id": "mobileapp-ca569",
    "storage_bucket": "mobileapp-ca569.firebasestorage.app"
  },
  "client": [
    {
      "client_info": {
        "mobilesdk_app_id": "1:975174370578:android:eb5763a1211af801ce9fcb",
        "android_client_info": {
          "package_name": "com.example.flutter_ai_assistant"
        }
      },
      "oauth_client": [],
      "api_key": [
        {
          "current_key": "AIzaSyBUUM3NTHOmcWvlnRud1GwO4MKIi8kFhRw"
        }
      ],
      "services": {
        "appinvite_service": {
          "other_platform_oauth_client": []
        }
      }
    }
  ],
  "configuration_version": "1"
}