<?xml version="1.0" encoding="UTF-8"?>
<rss version="2.0" xmlns:yandex="http://news.yandex.ru" xmlns:media="http://search.yahoo.com/mrss/" xmlns:turbo="http://turbo.yandex.ru">
  <channel>
    <title>RoyalTransfer - Трансферы из Калининграда в Европу</title>
    <link>https://royaltransfer.org</link>
    <description>Трансферы из Калининграда в города Европы: Гданьск, Варшава, Берлин. Комфортабельные автомобили, опытные водители, безопасность и пунктуальность.</description>
    <language>ru</language>
    <turbo:analytics type="Yandex" id="XXXXXXXX"></turbo:analytics>
    <turbo:analytics type="Google" id="UA-XXXXXXXX-X"></turbo:analytics>

    <item turbo="true">
      <link>https://royaltransfer.org</link>
      <turbo:source>https://royaltransfer.org</turbo:source>
      <turbo:topic>RoyalTransfer - Комфортные трансферы из Калининграда в Европу</turbo:topic>
      <pubDate>Thu, 11 Apr 2024 12:00:00 +0300</pubDate>
      <author>RoyalTransfer</author>
      <metrics>
        <yandex schema_identifier="Идентификатор">
            <breadcrumblist>
                <breadcrumb url="https://royaltransfer.org" text="Главная"/>
            </breadcrumblist>
        </yandex>
      </metrics>
      <yandex:related>
        <link url="https://royaltransfer.org/blog" img="https://royaltransfer.org/images/default-blog.jpg">Блог о путешествиях</link>
        <link url="https://royaltransfer.org/reviews" img="https://royaltransfer.org/images/reviews.jpg">Отзывы клиентов</link>
      </yandex:related>
      <turbo:content>
        <![CDATA[
          <header>
            <h1>RoyalTransfer - Трансферы из Калининграда в Европу</h1>
            <figure>
              <img src="https://royaltransfer.org/images/logo.png" />
            </figure>
            <menu>
              <a href="https://royaltransfer.org">Главная</a>
              <a href="https://royaltransfer.org/blog">Блог</a>
              <a href="https://royaltransfer.org/reviews">Отзывы</a>
              <a href="https://royaltransfer.org/gallery">Галерея</a>
            </menu>
          </header>

          <h2>Комфортные трансферы из Калининграда в города Европы</h2>
          <p>RoyalTransfer предлагает безопасные и комфортные поездки из Калининграда в города Европы. Наши опытные водители, современные автомобили и индивидуальный подход к каждому клиенту делают путешествие максимально приятным.</p>

          <h3>Популярные направления</h3>
          <ul>
            <li>Калининград - Гданьск</li>
            <li>Калининград - Варшава</li>
            <li>Калининград - Берлин</li>
            <li>Калининград - Прага</li>
          </ul>

          <h3>Наши преимущества</h3>
          <ul>
            <li>Безопасность и комфорт</li>
            <li>Пунктуальность</li>
            <li>Современные автомобили</li>
            <li>Опытные водители</li>
            <li>Индивидуальный подход</li>
          </ul>

          <button formaction="tel:+79062199917">Позвонить нам</button>
          <button formaction="https://royaltransfer.org/#booking">Забронировать</button>

          <h3>Контакты</h3>
          <p>
            Телефон: +7 (906) 219-99-17<br />
            Email: info@royaltransfer.org<br />
            Адрес: ул. Университетская, 2Г, Калининград, Калининградская обл., 236040
          </p>

          <div data-block="widget-feedback" data-title="Задайте вопрос" data-stick="false">
            <div data-block="chat" data-type="whatsapp" data-url="https://wa.me/79062199917"></div>
            <div data-block="chat" data-type="telegram" data-url="https://t.me/royaltransfer"></div>
            <div data-block="chat" data-type="vkontakte" data-url="https://vk.me/royaltransfer"></div>
          </div>

          <footer>
            <p>© 2024 RoyalTransfer. Все права защищены.</p>
          </footer>
        ]]>
      </turbo:content>
    </item>

    <!-- Дополнительные страницы будут генерироваться динамически из базы данных -->
  </channel>
</rss>
